2026-10-05 22:53:22,AAPL,332.89,332.82
2026-10-05 22:53:22,GOOGL,346.47,342.59
2026-10-05 22:53:22,MSFT,525.18,521.62
2026-10-05 22:53:52,AAPL,332.89,332.82
2026-10-05 22:53:52,GOOGL,346.47,342.59
2026-10-05 22:53:52,MSFT,525.18,521.62
2026-10-05 22:54:23,AAPL,332.89,332.82
2026-10-05 22:54:23,GOOGL,346.47,342.59
2026-10-05 22:54:23,MSFT,525.18,521.62
2026-10-05 22:54:53,AAPL,332.89,332.82
2026-10-05 22:54:53,GOOGL,346.47,342.59
2026-10-05 22:54:53,MSFT,525.18,521.62
2026-10-05 22:55:10,AAPL,332.89,332.82
2026-10-05 22:55:10,GOOGL,346.47,342.59
2026-10-05 22:55:10,MSFT,525.18,521.62
2026-10-05 22:55:23,AAPL,332.89,332.82
2026-10-05 22:55:23,GOOGL,346.47,342.59
2026-10-05 22:55:23,MSFT,525.18,521.62
2026-10-05 22:55:40,GOOGL,346.47,342.59
2026-10-05 22:55:40,MSFT,525.18,521.62
2026-10-05 22:56:10,GOOGL,346.47,342.59
2026-10-05 22:56:10,MSFT,525.18,521.62
2026-10-05 22:56:40,GOOGL,346.47,342.59
2026-10-05 22:56:40,MSFT,525.18,521.62
2026-10-05 22:57:10,GOOGL,346.47,342.59
2026-10-05 22:57:10,MSFT,525.18,521.62
2026-10-05 22:57:41,GOOGL,346.47,342.59
2026-10-05 22:57:41,MSFT,525.18,521.62
2026-10-05 22:58:11,GOOGL,346.47,342.59
2026-10-05 22:58:11,MSFT,525.18,521.62
2026-10-05 22:58:41,GOOGL,346.47,342.59
2026-10-05 22:58:41,MSFT,525.18,521.62
2026-10-05 22:59:04,AAPL,332.89,332.82
2026-10-05 22:59:04,GOOGL,346.47,342.59
2026-10-05 22:59:04,MSFT,525.18,521.62
2026-10-05 22:59:34,AAPL,332.89,332.82
2026-10-05 22:59:34,GOOGL,346.47,342.59
2026-10-05 22:59:34,MSFT,525.18,521.62
2026-10-05 22:59:34,AMZN,251.40,250.19
2026-10-05 23:00:04,AAPL,332.89,332.82
2026-10-05 23:00:04,GOOGL,346.47,342.59
2026-10-05 23:00:04,MSFT,525.18,521.62
2026-10-05 23:00:04,AMZN,251.40,250.19
2026-10-05 23:00:35,AAPL,332.89,332.82
2026-10-05 23:00:35,GOOGL,346.47,342.59
2026-10-05 23:00:35,MSFT,525.18,521.62
2026-10-05 23:00:35,AMZN,251.40,250.19
2026-10-05 23:01:05,AAPL,332.89,332.82
2026-10-05 23:01:05,GOOGL,346.47,342.59
2026-10-05 23:01:05,MSFT,525.18,521.62
2026-10-05 23:01:05,AMZN,251.40,250.19
2026-10-05 23:01:35,AAPL,332.89,332.82
2026-10-05 23:01:35,GOOGL,346.47,342.59
2026-10-05 23:01:35,MSFT,525.18,521.62
2026-10-05 23:01:35,AMZN,251.40,250.19
2026-10-05 23:02:06,AAPL,332.89,332.82
2026-10-05 23:02:06,GOOGL,346.47,342.59
2026-10-05 23:02:06,MSFT,525.18,521.62
2026-10-05 23:02:06,AMZN,251.40,250.19
2026-10-05 23:02:36,AAPL,332.89,332.82
2026-10-05 23:02:36,GOOGL,346.47,342.59
2026-10-05 23:02:36,MSFT,525.18,521.62
2026-10-05 23:02:36,AMZN,251.40,250.19
2026-10-05 23:03:06,AAPL,332.89,332.82
2026-10-05 23:03:06,GOOGL,346.47,342.59
2026-10-05 23:03:06,MSFT,525.18,521.62
2026-10-05 23:03:06,AMZN,251.40,250.19
2026-10-05 23:03:37,AAPL,332.89,332.82
2026-10-05 23:03:37,GOOGL,346.47,342.59
2026-10-05 23:03:37,MSFT,525.18,521.62
2026-10-05 23:03:37,AMZN,251.40,250.19
2026-10-05 23:04:07,AAPL,332.89,332.82
2026-10-05 23:04:07,GOOGL,346.47,342.59
2026-10-05 23:04:07,MSFT,525.18,521.62
2026-10-05 23:04:07,AMZN,251.40,250.19
2026-10-05 23:04:37,AAPL,332.89,332.82
2026-10-05 23:04:37,GOOGL,346.47,342.59
2026-10-05 23:04:37,MSFT,525.18,521.62
2026-10-05 23:04:37,AMZN,251.40,250.19
2026-10-05 23:04:37,META,741.90,727.71
2026-10-05 23:05:08,AAPL,332.89,332.82
2026-10-05 23:05:08,GOOGL,346.47,342.59
2026-10-05 23:05:08,MSFT,525.18,521.62
2026-10-05 23:05:08,AMZN,251.40,250.19
2026-10-05 23:05:08,META,741.90,727.71
2026-10-05 23:05:08,TSLA,378.73,369.00
2026-10-05 23:05:40,AAPL,332.89,332.82
2026-10-05 23:05:40,GOOGL,346.47,342.59
2026-10-05 23:05:40,MSFT,525.18,521.62
2026-10-05 23:05:40,AMZN,251.40,250.19
2026-10-05 23:05:40,META,741.90,727.71
2026-10-05 23:05:40,TSLA,378.73,369.00
2026-10-05 23:06:11,AAPL,332.89,332.82
2026-10-05 23:06:11,GOOGL,346.47,342.59
2026-10-05 23:06:11,MSFT,525.18,521.62
2026-10-05 23:06:11,AMZN,251.40,250.19
2026-10-05 23:06:11,META,741.90,727.71
2026-10-05 23:06:11,TSLA,378.73,369.00
2026-10-05 23:06:24,AAPL,332.89,332.82
2026-10-05 23:06:24,GOOGL,346.47,342.59
2026-10-05 23:06:24,MSFT,525.18,521.62
2026-10-05 23:06:24,AMZN,251.40,250.19
2026-10-05 23:06:24,META,741.90,727.71
2026-10-05 23:06:24,TSLA,378.73,369.00
2026-10-05 23:06:41,AAPL,332.89,332.82
2026-10-05 23:06:41,GOOGL,346.47,342.59
2026-10-05 23:06:41,MSFT,525.18,521.62
2026-10-05 23:06:41,AMZN,251.40,250.19
2026-10-05 23:06:41,META,741.90,727.71
2026-10-05 23:06:41,TSLA,378.73,369.00
2026-10-05 23:07:13,AAPL,332.89,332.82
2026-10-05 23:07:13,GOOGL,346.47,342.59
2026-10-05 23:07:13,MSFT,525.18,521.62
2026-10-05 23:07:13,AMZN,251.40,250.19
2026-10-05 23:07:13,META,741.90,727.71
2026-10-05 23:07:13,TSLA,378.73,369.00
2026-10-05 23:07:43,AAPL,332.89,332.82
2026-10-05 23:07:43,GOOGL,346.47,342.59
2026-10-05 23:07:43,MSFT,525.18,521.62
2026-10-05 23:07:43,AMZN,251.40,250.19
2026-10-05 23:07:43,META,741.90,727.71
2026-10-05 23:07:43,TSLA,378.73,369.00
2026-10-05 23:08:14,AAPL,332.89,332.82
2026-10-05 23:08:14,GOOGL,346.47,342.59
2026-10-05 23:08:14,MSFT,525.18,521.62
2026-10-05 23:08:14,AMZN,251.40,250.19
2026-10-05 23:08:14,META,741.90,727.71
2026-10-05 23:08:14,TSLA,378.73,369.00
2026-10-05 23:08:44,AAPL,332.89,332.82
2026-10-05 23:08:44,GOOGL,346.47,342.59
2026-10-05 23:08:44,MSFT,525.18,521.62
2026-10-05 23:08:44,AMZN,251.40,250.19
2026-10-05 23:08:44,META,741.90,727.71
2026-10-05 23:08:44,TSLA,378.73,369.00
2026-10-05 23:09:15,AAPL,332.89,332.82
2026-10-05 23:09:15,GOOGL,346.47,342.59
2026-10-05 23:09:15,MSFT,525.18,521.62
2026-10-05 23:09:15,AMZN,251.40,250.19
2026-10-05 23:09:15,META,741.90,727.71
2026-10-05 23:09:15,TSLA,378.73,369.00
2026-10-05 23:09:17,AAPL,332.89,332.82
2026-10-05 23:09:17,GOOGL,346.47,342.59
2026-10-05 23:09:17,MSFT,525.18,521.62
2026-10-05 23:09:17,AMZN,251.40,250.19
2026-10-05 23:09:17,META,741.90,727.71
2026-10-05 23:09:17,TSLA,378.73,369.00
2026-10-05 23:09:45,AAPL,332.89,332.82
2026-10-05 23:09:45,MSFT,525.18,521.62
2026-10-05 23:09:45,AMZN,251.40,250.19
2026-10-05 23:09:45,META,741.90,727.71
2026-10-05 23:09:45,TSLA,378.73,369.00
2026-10-05 23:10:15,AAPL,332.89,332.82
2026-10-05 23:10:15,MSFT,525.18,521.62
2026-10-05 23:10:15,AMZN,251.40,250.19
2026-10-05 23:10:15,META,741.90,727.71
2026-10-05 23:10:15,TSLA,378.73,369.00
2026-10-05 23:10:46,AAPL,332.89,332.82
2026-10-05 23:10:46,MSFT,525.18,521.62
2026-10-05 23:10:46,AMZN,251.40,250.19
2026-10-05 23:10:46,META,741.90,727.71
2026-10-05 23:10:46,TSLA,378.73,369.00
2026-10-05 23:11:16,AAPL,332.89,332.82
2026-10-05 23:11:16,MSFT,525.18,521.62
2026-10-05 23:11:16,AMZN,251.40,250.19
2026-10-05 23:11:16,META,741.90,727.71
2026-10-05 23:11:16,TSLA,378.73,369.00
2026-10-05 23:11:22,AAPL,332.89,332.82
2026-10-05 23:11:22,GOOGL,346.47,342.59
2026-10-05 23:11:22,MSFT,525.18,521.62
2026-10-05 23:11:29,AAPL,332.89,332.82
2026-10-05 23:11:29,GOOGL,346.47,342.59
2026-10-05 23:11:29,MSFT,525.18,521.62
2026-10-05 23:11:29,META,741.90,727.71
2026-10-05 23:11:29,AAPL,332.89,332.82
2026-10-05 23:11:29,GOOGL,346.47,342.59
2026-10-05 23:11:29,MSFT,525.18,521.62
2026-10-05 23:11:29,META,741.90,727.71
2026-10-05 23:11:50,AAPL,332.89,332.82
2026-10-05 23:11:50,GOOGL,346.47,342.59
2026-10-05 23:11:50,MSFT,525.18,521.62
2026-10-05 23:11:50,META,741.90,727.71
2026-10-05 23:11:50,TSLA,378.73,369.00
2026-10-05 23:11:50,AAPL,332.89,332.82
2026-10-05 23:11:50,GOOGL,346.47,342.59
2026-10-05 23:11:50,MSFT,525.18,521.62
2026-10-05 23:11:50,META,741.90,727.71
2026-10-05 23:11:50,TSLA,378.73,369.00
2026-10-05 23:11:52,AAPL,332.89,332.82
2026-10-05 23:11:52,GOOGL,346.47,342.59
2026-10-05 23:11:52,MSFT,525.18,521.62
2026-10-05 23:11:52,META,741.90,727.71
2026-10-05 23:11:52,TSLA,378.73,369.00
2026-10-05 23:11:59,AAPL,332.89,332.82
2026-10-05 23:11:59,GOOGL,346.47,342.59
2026-10-05 23:11:59,MSFT,525.18,521.62
2026-10-05 23:11:59,META,741.90,727.71
2026-10-05 23:11:59,TSLA,378.73,369.00
2026-10-05 23:12:01,AAPL,332.89,332.82
2026-10-05 23:12:01,GOOGL,346.47,342.59
2026-10-05 23:12:01,MSFT,525.18,521.62
2026-10-05 23:12:01,META,741.90,727.71
2026-10-05 23:12:01,TSLA,378.73,369.00
2026-10-05 23:12:17,AAPL,332.89,332.82
2026-10-05 23:12:17,GOOGL,346.47,342.59
2026-10-05 23:12:17,MSFT,525.18,521.62
2026-10-05 23:13:26,AAPL,332.89,332.82
2026-10-05 23:13:26,GOOGL,346.47,342.59
2026-10-05 23:13:26,MSFT,525.18,521.62
2026-10-05 23:13:29,AAPL,332.89,332.82
2026-10-05 23:13:29,MSFT,525.18,521.62
2026-10-05 23:13:29,AAPL,332.89,332.82
2026-10-05 23:13:29,MSFT,525.18,521.62
2026-10-05 23:13:41,AAPL,332.89,332.82
2026-10-05 23:13:41,MSFT,525.18,521.62
2026-10-05 23:13:41,AMZN,251.40,250.19
2026-10-05 23:13:41,AAPL,332.89,332.82
2026-10-05 23:13:41,MSFT,525.18,521.62
2026-10-05 23:13:41,AMZN,251.40,250.19
2026-10-05 23:13:50,AAPL,332.89,332.82
2026-10-05 23:13:50,AMZN,251.40,250.19
2026-10-05 23:13:50,AAPL,332.89,332.82
2026-10-05 23:13:50,AMZN,251.40,250.19
2026-10-05 23:13:57,AAPL,332.89,332.82
2026-10-05 23:13:57,AMZN,251.40,250.19
2026-10-05 23:14:06,AAPL,332.89,332.82
2026-10-05 23:14:06,AMZN,251.40,250.19
2026-10-05 23:14:06,AAPL,332.89,332.82
2026-10-05 23:14:06,AMZN,251.40,250.19
